,run_name,best_sequence,best_mutant,best_fitness
0,only_train_5,SKGEELFTGVVPILVELDGDVNGHKFRVSGEGEGDATYGKLTLKFICTTGKLPVPWPTLVTTLSYGVQCFSRYPDHMKQHDFFKSAMPEGYVQERTIFFKDDGNYKTRAEVKFEGDTLVNRIELKGIDFKEDGNILGHKLEYNYNSHNVYIMADKQKNGIKVNFRIRHNIEDGSVLLADHYQQNTPIGDGPVLLPDYHYLSTQSALSKDPNEKRDHMVLLEFVTAAWITHGMDELYK,"S26R,K164R,Q175L,N196Y,G226W",0.6426229476928711
1,only_train_5,SKGEELFTGVVPILVELDGDVNGHKFRVSGEGEGDATYGKLTLKFICTTGKLPVPWPTLVTTLSYGVQCFSRYPDHMKQHDFFKSAMPEGYVQERTIFFKDDGNYKTRAEVKFEGDTLVNRIELKGVDFKEDGNILGHKLEYNYNSHNVYIMADKQKNGIKVNFRIRHNIEDGSVLLADHYQQNTPIGDGPVLLPYNHYLSTQSALSKDPNEKRDHMVLLEFVTAAGITHGMDELYK,"S26R,I126V,K164R,Q175L,D195Y",0.5096006393432617
2,only_train_5,SKGEELFTGVVPILVELDGDVNGHKFSVSGEGEGDATYGKLTLKFICTTGKLPVPWPTLVTTLSYGVQCFSRYPDHMKQHDFFKSAMPEGYVQERTIFFKDDGNYKTRAEVKFEGDTLVNRIELKGIDFKEDGNILGHKLEYNYNSHNVYIMADKQKNGIKVNFRIRHNIEDGSVLLADHYQQNTPIGDGPVLLPDYHYLSTQSTLSKDPNEKRDHMVLLEFVTAARITHGMDELYK,"K164R,Q175L,N196Y,A204T,G226R",0.5994526147842407
3,only_train_5,SKGEELFTGVVPILVELDGDVNGHKFRVSGEGEGDATYGKLTLKFICTTGKLPVPWPTLVTTLSYGVQCFGRYPDHMKQHDFFKSAMPEGYVQERTIFFKDDGNYKTRAEVKFEGDTLVNRIELKGIDFKEDGNILGHKLEYNYNSHNVYIMADKQKNGIKVNFKIRHNIEDGSVLLADHYQQNTPIGDGPVLLPDNHYLSTQSALSKDPNEKRDHMVLLEFVTAAWITHGMDELHK,"S26R,S70G,Q175L,G226W,Y235H",0.6110453605651855
4,only_train_5,SKGEELFTGVVPILVELDGDVNGHKFSVSGEGEGDATYGKLTLKFICTTGKLPVPWPTLVTTLSYGVQCFSRYPDHMKQHDFFKSAMPEGYVQERTIFFKDDGNYKTRAEVKFEGDTLVNRIELKGIDFKEDGNILGHKLEYNYNSHNVYIMADKQKNGIKVNFRIRHNIEDGSVLLADHYQQNTPIGDGPVLLPDYHYLSTQSALSKDPNEKRDHMVLLEFVTAARFTHGMDELYK,"K164R,Q175L,N196Y,G226R,I227F",0.6400019526481628
5,rejection_5,SKGEELFTGVVPILVELDGDVNGHKFSVSGEGEGDATYGKLTLKFICTTGKLPVPWPTLVTTLSYGVQCFSRYPDHMKQHDFFKSAMPEGYVQERTIFFKDDGIYKTRAEVKFEGDTLVNRIELKGIDFKEDGNILGHKLEYNYNSHNVYWMADKQKNGIKINFKIRHNIEDGSVQLADHYQQNTPIGDGPVLLPDNHYLSTQSALSKDPNEKRDHMVLLEFVTAAGITHKMDELYR,"N103I,I150W,V161I,G230K,K236R",0.5318330526351929
6,rejection_5,SKGEELFTGVVPILVELDGDVNGHKFSVSGEGEGDATYGKLTVKFICTTGKLPVPWPTLVTTLSYGVQCFSRYPDHMKQHDFFKSAMPEGYVQERTIFFKDDGNYKTRAEVKFEGDTLVNRIELKGIDFKEDGNILGHKLEYNYNSHNVYIMADKQKNGIKVRFKIRHNIEDGSVQWADHYQQNTPIGDGPVLLPCNHYLSTQSALSKDPNEKRDHMVLFEFVTAAGITHGMDELYK,"L42V,N162R,L176W,D195C,L219F",0.5204825401306152
7,rejection_5,SKGEELFTGVVPILVELDGDVNGHKFSVSGEGEGWATYGKLTLKFICTTGKLPVPWPTLVTTLSYGVQCFSRYPDHMKQHDFFKSAMPEGYVQERTIYFKDDGNYKTRAEVKFEGDTLVNRIELKGIDFKEDGNILGHKLEYNYNSHNVYIMADKQKNGIKVNFKIRHNIEDGSVQRADHYQQVTPIGDGPVLLPDNHYLSTQSALSKDPNEKRDHMVLLEFVTAAGITHRMDELYK,"D34W,F97Y,L176R,N183V,G230R",0.6523633003234863
8,rejection_5,SKGEELFTGVVPLLVELDGDVNGHKFTVSGEGEGDATYGKLTLKFICTTGKLPVPWPTLVTTLSYGVQCFSRYPDHMKQHDFFKSAMPEGYVQERTIFFKDDGNYKTRAEVKFEGDTLVNRIELKGIDFKEDGNILGHKLEYNYNSHNVYIMADKQKNGIKVNFKIRHNIEDGSVVLADHYQQNTPIGDGPVLLPDNHYLSTQSALSKDPNEKRDHMVLLEFVTARKITHGMDELYK,"I12L,S26T,Q175V,A225R,G226K",0.4260965287685394
9,rejection_5,SKGEELFTGVVRILVELDGDVNGHKFSVSGEGEGDATYGKLTLKFICTTGKLPVPWPTLVTTLSYGVQCFSRYPDHMKQHDFFKSAMPEGYVQERTIFFKDDGIYKTRAEVKFEGDTLVNRIELKGIDFKEDGNILGHKLEYNYNSHNVYIMADKQKNGIKMNFKIRHNIEDGSVQLADHYQQNTPIGDGPVLLPDNHYLSTQSALSKDPNEKRDHMVLLEFVTAAGITHWMDEMYK,"P11R,N103I,V161M,G230W,L234M",0.6162710785865784
10,only_train_10,SKGEELFTGVVPILVELDGDVNGHKFRVSGEGEGDATYGKLTLKFICTTGKLPVPWPTLVTTLSYGVQCFSRYPDHMKQHDFFKSAMPEGYVQERTIFFKDDGNYKTRAEVKFEGDTLVNRVELKGVDFKEDGNILGHKLEYNYNSHNVYIMADKQKNGIKVNFRIRHNIEDGSVLLADHYQQNTPIGDGPVLLPDYHYLNTQTALSKDPNEKRDHMVLLEFVTAGWITHGMDELYK,"S26R,I121V,I126V,K164R,Q175L,N196Y,S200N,S203T,A225G,G226W",0.8251641392707825
11,only_train_10,SKGEELFTGVVPILVELDGDVNGHKFRVSGEGEGDATYGKLTLKFICTTGKLPVPWPTLVTTLSYGVQCFSRYPDHMKQHDFFKSAMPEGYVQERTISFKDDGSYKTRAEVKFEGDTLVNRVELKGIDFKEDGNILGHKLEYNYNSHNVYIMADKQKNGIKVNFRIRHNIEDGSVLLADHYQQNTPIGDGPVLLPDYHYLSTQSALSKDPNEKRDHMVLLEFVTAARFTHGMDELHK,"S26R,F97S,N103S,I121V,K164R,Q175L,N196Y,G226R,I227F,Y235H",0.806213915348053
12,only_train_10,SKGEELFTGVVPILVELDGDVNGHKFRVSGEGEGDATYGKLTLKFICTTGKLPVPWPTLVTTLSYGVQCFGRYPDHMKQHDFFKSAMPEGYVQERTIFFKGDGNYETRAEVKFEGDTLVNRIELKGVDFKEDGNILGHKLEYNYNSHNVYIMADKQKNGIKVNFKIRHNIEDGSVLLADHYQQNTPIGDGPVLLPDYHYLSTQTALSKDPNEKRDHMVLLEFVTAARITHGMDELHK,"S26R,S70G,D100G,K105E,I126V,Q175L,N196Y,S203T,G226R,Y235H",0.8265490531921387
13,only_train_10,SKGEELFTGVVPILVELDGDVNGHKFRVSGEGEGDATYGRLTLKFICTTGKLPVPWPTLVTTLSYGVQCFGRYPDHMKQHDFFKSAMPEGYVQERTIFFKDDGNYKTRAEVKFEGDTLVNRIELKGVDFKEDGNILGHKLEYNYNSHNVYIMADKQKNGIKVNFKIRHNIEDGSVLLADHYQQNTPIGDGPVLLPDNHYLNTQTALSKDPNEKRDHMVLLEFVTAGWFTHGMDELYK,"S26R,K39R,S70G,I126V,Q175L,S200N,S203T,A225G,G226W,I227F",0.7376101613044739
14,only_train_10,SKGEELFTGVVPILVELDGDVNGHKFRVSGEGEGDATYGKLTLKFICTTGKLPVPWPTLVTTLSYGVQCFSRYPDHMKQHDFFKSAMPEGYVQERTIFFKDDGNYETRAEVKFEGDTLVNRIELKGTDFKEDGNILGHKLVYNYNSHNVYIMADKQKNGIKVNFRIRHNIEDGSVLLADHYQQNTPIGDGPVLLPDYHYLSTQTALSKDPNEKRDHMVLLEFVTAAWITHGMDELHK,"S26R,K105E,I126T,E140V,K164R,Q175L,N196Y,S203T,G226W,Y235H",0.7866293787956238
15,rejection_10,SKGEELFTGVVPILVELDGDVNGHKFSVSGEGEGDATYGKLTLKFICTTGKLPVPWPTLVTTLSYGVQCFSRYPDHMKQHDFFKSAMPEGYVQERTIWFKDDGNYKTRAEVKFEGDTLVNRIELKGIDFKEDGNILGHKLEYNYNSHNVYIMADKQKNGIKMNFKIRHNIEDGEVYLADHYQRNTPIGDGPVLLPDNHYLMTQSCLSKDPNEKRDHMVLIEFLTAAGITHRMDELYK,"F97W,V161M,S173E,Q175Y,Q182R,S200M,A204C,L219I,V222L,G230R",0.6943507790565491
16,rejection_10,SKGEELFTGIVPILVELDGDVNGHKFSVRGEGEGDATYGKLTLKFICTTGKLPVPWPTLVTTLSYGVQCFSRYPDHMKQHDFFKSAMPEGYVQERTIYFKDDGIYKTRAEVKFEGDTLVNRIELKGIDFKEDGNILGHKLEYNYNSHNVYIMADKQKNGIKVNFKIRHNIEDGSVQRADHYQQVTPIGDGPVLLPDNFYLSTQSALSKDPNEKRDHMVLWEFVTAWGITHQMDELYK,"V9I,S28R,F97Y,N103I,L176R,N183V,H197F,L219W,A225W,G230Q",0.8262397050857544
17,rejection_10,SKGEELFTGRVPILVELDGDVNGHKFSVSGEGEGDATYGKLTLKFICTTGKLPVPWPTLVTTLSYGVQCFSRYPDHMKQHDFFKSAMPEGYMQWRTIFFKDDGNYRTRAEVKFEGDTLVNRIELKGIDFKEDGNILGHKLEYNYNSHNVYIMADKQKNGIKVRFKIRHNIEDGSVQLADHYQQNVPIGDGPVLMPDNHYLSTQQALSKDPNEKRDHMVLLEFVTAAGITHMMDEWYK,"V9R,V91M,E93W,K105R,N162R,T184V,L193M,S203Q,G230M,L234W",0.742501437664032
18,rejection_10,SKGEELFTGVVPILVELDGDVNGHKFSVSGEGEGWATYGKLTLKFICTTGKLPVPWPTLVTTLSYGVQCFSRYPDHMKQHDFFKSAMPEGYVQERTIFFKDDGNYKTRAEVKFEGDTLVNRIELKGEDFKEDGNILGHKMRYNYNSHNVYIMADKQKNGIKVNFKIRHNIEDGSVVLADHYQQNTPIGDGPVLFPDNHYLSTQSWLSKDPNEKRDHMVLLEFVTAAGISHNMDQLYK,"D34W,I126E,L139M,E140R,Q175V,L193F,A204W,T228S,G230N,E233Q",0.7281203269958496
19,rejection_10,SKGEELFTGVVHILVNLDGDVNGHKFEVIGEGEGDATYGKLTLKFICTTGKLPVPWPTLVTTLSYGVQCFSRYPDHMKQHDFFKSAMPEGYVQERTWFFKDDGNYKTRAEVKFEGDTLVNRIELKGIDFKEDGNILGHKLEYNYNSHNVYIMADKQKNGIKVNFKIRHNIEDGKVMLADHYQQNTPIGDGPVLLPDNFYLSTQSALSKDPNEKRDHMVLLEFVTARGITHRMDELYK,"P11H,E15N,S26E,S28I,I96W,S173K,Q175M,H197F,A225R,G230R",0.8810498118400574
20,best_train,SKGEELFTGVVPILVELDGDVNGHKFSVSGEGEGDATYGKLTLKFICTTGKLPVPWPTLVTTLSYGVQCFSRYPDHMKQHDFFKSAMPEGYVQERTIFFKDDGNYKTRAEVKFEGDTLVNRIELKGIDFKEDGNILGHKLVYNYNSHNVYIMADKQKNGIKVNFKIRHNIEDGSVLLADHYQQNTPIGDGPVLLPDNHYLSTQSALSKDPNEKRDHMVLLEFVTAAGITHGMDELYK,"E140V,Q175L",0.3000077
21,wildtype,SKGEELFTGVVPILVELDGDVNGHKFSVSGEGEGDATYGKLTLKFICTTGKLPVPWPTLVTTLSYGVQCFSRYPDHMKQHDFFKSAMPEGYVQERTIFFKDDGNYKTRAEVKFEGDTLVNRIELKGIDFKEDGNILGHKLEYNYNSHNVYIMADKQKNGIKVNFKIRHNIEDGSVQLADHYQQNTPIGDGPVLLPDNHYLSTQSALSKDPNEKRDHMVLLEFVTAAGITHGMDELYK,,0.0
